Nama Sekolah,NilaiAkreditasi,JumlahSiswa,Jenis Sekolah,Kab/Kota
SMKN TLOGOSARI,92,50,NEGERI,BONDOWOSO
SMAN 2 MADIUN,93,50,NEGERI,MADIUN
SMK Syalafiyah Syafi'iyah,81,51,SWASTA,BONDOWOSO
SMK PUTRA AIRLANGGA SURABAYA,86,51,SWASTA,SURABAYA
MAS FATWA ALIM,84,52,NEGERI,MADIUN
SMK ADDIMYATI,93,53,SWASTA,JEMBER
SMK NEGERI 1 TEGALSARI,92,54,NEGERI,BANYUWANGI
SMA MUHAMMADIYAH 2 NGAWI,81,55,SWASTA,NGAWI
MA UMDATUL FALAH,89,56,SWASTA,MAGETAN
SMK RAJASA SURABAYA,92,57,SWASTA,SURABAYA
SMK Negeri 1 Pujon,92,58,NEGERI,MALANG
SMK NEGERI 1 GLAGAH,93,58,NEGERI,BANYUWANGI
SMA MUHAMMADIYAH 3 PONOROGO,88,59,SWASTA,PONOROGO
SMK MASKUMAMBANG 2 DUKUN,87,60,SWASTA,GRESIK
SMKN 1 Kotaanyar,90,60,NEGERI,PROBOLINGGO
SMKN 4 MADIUN,92,60,NEGERI,MADIUN
SMK PRAPANCA 2 SURABAYA,92,60,SWASTA,SURABAYA
SMK ADHIKAWACANA SURABAYA,93,60,SWASTA,SURABAYA
SMKN 10 SURABAYA,93,60,NEGERI,SURABAYA
SMK MIFTAHUL ULUM,85,61,SWASTA,PAMEKASAN
SMKN MAESAN,85,61,NEGERI,BONDOWOSO
SMK (STM) PSM 2 TAKERAN,92,61,SWASTA,MAGETAN
SMKN WINONGAN,92,62,NEGERI,PASURUAN
SMK MIFTAHUL HUDA,85,63,SWASTA,BOJONEGORO
SMK KRISTEN PETRA SURABAYA,90,63,SWASTA,SURABAYA
SMKK AL-FATTAH TAHUNAN,86,64,SWASTA,PACITAN
SMK WIRA MARITIM SURABAYA,83,65,SWASTA,SURABAYA
SMK PGRI 5 SURABAYA,90,66,SWASTA,SURABAYA
SMKIT ARROHMAH KEPANJEN,84,67,SWASTA,MALANG
SMKN 1 JENANGAN,93,67,NEGERI,PONOROGO
SMKN BEJI,93,68,NEGERI,PASURUAN
SMK PERSADA JETIS,81,69,SWASTA,MOJOKERTO 
SMK PGRI 2 Kertosono,87,69,SWASTA,NGANJUK
SMK KETINTANG 1 SURABAYA,92,69,SWASTA,SURABAYA
SMK (STM) N 1 KEBONSAARI,93,69,SWASTA,MADIUN
SMK MUHAMMADIYAH 1 KEPANJEN,93,69,SWASTA,MALANG
SMK MIFTAHUL QULU,89,70,SWASTA,PAMEKASAN
SMK PGRI 1 Nganjuk,92,71,SWASTA,NGANJUK
SMK DARUL FALAH,81,72,SWASTA,PAMEKASAN
SMK DARUS SHOLIHIN,83,72,SWASTA,JEMBER
SMK Negeri Klabang,90,73,NEGERI,BONDOWOSO
SMK PGRI SUMBERMANJING,81,74,SWASTA,MALANG
MAS DARUSSALAM,86,74,NEGERI,MADIUN
SMK ARDJUNA 2,87,74,SWASTA,MALANG
SMK AL-MIFTAH,81,75,SWASTA,PAMEKASAN
SMK PGRI 1 MADIUN,85,75,SWASTA,MADIUN
SMK 1 MUHAMMADIYAH,89,75,SWASTA,PROBOLINGGO
SMK 1 PGRI,85,76,SWASTA,PROBOLINGGO
SMK PGRI 2 BONDOWOSO,86,77,SWASTA,BONDOWOSO
SMAN 1 MADIUN,92,77,NEGERI,MADIUN
SMK `SIANG` 1 BOJONEGORO,92,78,SWASTA,BOJONEGORO
SMAN 1 NGRAYUN,92,78,NEGERI,PONOROGO
SMK SARIPRAJA SURABAYA,83,79,SWASTA,SURABAYA
SMK Muhammadiyah 3 Kepohbaru,84,79,SWASTA,BOJONEGORO
SMK Negeri Pujer,86,79,NEGERI,BONDOWOSO
SMK AL FUDHOLA' PAMEKASAN,88,79,SWASTA,PAMEKASAN
SMK DIPONOGORO SURABAYA,83,80,SWASTA,SURABAYA
MAS PERTANIAN,86,81,NEGERI,MADIUN
SMK BAHJATUL ULUM,81,82,SWASTA,JEMBER
SMK 17 AGUSTUS 1945 MUNCAR,89,82,SWASTA,BANYUWANGI
MA MA'ARIF JOGOROGO,82,83,SWASTA,NGAWI
SMK MUHAMMADIYAH 1,88,83,SWASTA,PONOROGO
SMA KYAI AGENG BASYARIYAH,91,84,SWASTA,MADIUN
SMK TUNAS WIJAYA SURABAYA,81,85,SWASTA,SURABAYA
SMK WAHANA KARYA SURABAYA,81,85,SWASTA,SURABAYA
SMK 17 AGUSTUS 1945 CLURING,92,85,SWASTA,BANYUWANGI
NATIONAL IMMERSION SENIOR HIGH SCHOOL,82,86,SWASTA,PONOROGO
SMK AL-ISLAM,92,86,SWASTA,PONOROGO
MAN TAKERAN,94,86,NEGERI,MAGETAN
SMK NEGERI JATIREJO,90,88,NEGERI,MOJOKERTO 
SMK WAKID HASYIM,91,88,SWASTA,PONOROGO
SMK Al Fatah Kertosono,82,89,SWASTA,NGANJUK
SMK TAMANSISWA 1,86,89,SWASTA,MADIUN
SMAN 5 MADIUN,92,89,NEGERI,MADIUN
SMK MAARIF 3 TUREN,89,90,SWASTA,MALANG
SMK MUHAMMADIYAH,82,91,SWASTA,MOJOKERTO
SMK Al Khoiriyah Baron,89,91,SWASTA,NGANJUK
SMA PGRI 1 Ngawi,90,91,SWASTA,NGAWI
SMK PGRI 2 Nganjuk,92,91,SWASTA,NGANJUK
SMKN 4 BOJONEGORO,92,91,NEGERI,BOJONEGORO
SMK KAL - 2 SURABAYA,93,91,SWASTA,SURABAYA
SMAN 1 PLAOSAN,91,92,NEGERI,MAGETAN
SMK AL-MUKHLISIN,87,93,SWASTA,PAMEKASAN
SMK PAHLAWAN MOJOSARI,86,94,SWASTA,MOJOKERTO 
SMK PARIWISATA SATYA WIDYA SURABAYA,92,94,SWASTA,SURABAYA
SMKN 1 KENDIT,90,95,NEGERI,SITUBONDO
SMK DARUL MUQOMAH,91,97,SWASTA,JEMBER
SMAN 1 PILANGKENCENG,91,98,NEGERI,MADIUN
SMKN 1 PONOROGO,93,99,NEGERI,PONOROGO
SMAN 1 BALONG,91,100,NEGERI,PONOROGO
SMK PGRI 4 PASURUAN,92,101,SWASTA,PASURUAN
SMKN 1 PAKEM,89,102,NEGERI,BONDOWOSO
SMK PGRI 3,94,102,SWASTA,MALANG
SMAN 1 Kwadungan,92,103,NEGERI,NGAWI
SMK Nasional Nganjuk,83,104,SWASTA,NGANJUK
SMK PGRI LAWANG,89,104,SWASTA,MALANG
MA AL-HIDAYAH JAMBON,82,105,SWASTA,PONOROGO
SMKN SUMBER WRINGIN,89,105,NEGERI,BONDOWOSO
SMK KEPANJEN,92,105,SWASTA,MALANG
SMKN 4,92,105,NEGERI,PASURUAN
SMKN 7 MALANG,92,105,NEGERI,MALANG
SMAN 1 JIWAN,91,106,NEGERI,MADIUN
SMKN 1 Takeran,91,107,NEGERI,MAGETAN
SMK HIDAYATUL MUBTADIIN,82,108,SWASTA,MALANG
SMK MA'ARIF NU JATIREJO,85,109,SWASTA,MOJOKERTO 
SMK KARTIKA 2 SURABAYA,89,112,SWASTA,SURABAYA
SMA COKROAMINOTO MADIUN,82,114,SWASTA,MADIUN
SMK KARTINI SURABAYA,84,114,SWASTA,SURABAYA
SMK TRIYASA SURABAYA,85,114,SWASTA,SURABAYA
SMA ST BONAVENTURA,91,114,SWASTA,MADIUN
SMK NEGERI IHYA ULUMUDIN SINGOJURUH,94,115,NEGERI,BANYUWANGI
SMK (SMEA) MUHAMADIYAH PANEKAN,82,118,SWASTA,MAGETAN
SMK AL-AMNANIYAH KARANGJATI,86,119,SWASTA,NGAWI
SMAN 1 DOLOPO,91,119,NEGERI,MADIUN
SMK MUHAMMADIYAH 7 GONDANGLEGI,94,119,SWASTA,MALANG
SMK Mifathul Ulum Pagelaran,86,120,SWASTA,MALANG
SMKN 2 NGANJUK,93,120,NEGERI,NGANJUK
SMK JETIS 1,83,121,SWASTA,PONOROGO
SMA HUDAYA,83,122,SWASTA,PONOROGO
SMK PGRI 4 NGAWI,88,123,SWASTA,NGAWI
SMK TRISAKTI NGAWI,85,124,SWASTA,NGAWI
SMK PGRI SUMBERPUCUNG,89,124,SWASTA,MALANG
SMA MUHAMMADIYAH 2 GEGER,84,126,SWASTA,MADIUN
SMAN 1 PARANG,92,126,NEGERI,MAGETAN
SMK MUHAMMADIYAH 3 SINGOSARI,93,126,SWASTA,MALANG
SMK (STM) PSM 1 KAWEDANAN,84,127,SWASTA,MAGETAN
SMK Negeri Tapen,92,127,NEGERI,BONDOWOSO
SMK AL BASYARIYAH,84,128,SWASTA,MADIUN
SMK IPIEMS SURABAYA,93,129,SWASTA,SURABAYA
MA SWASTA MIFTAHUL ULUM,83,130,SWASTA,MADIUN
SMK PGRI 1 SURABAYA,92,130,SWASTA,SURABAYA
SMK MUHAMMADIYAH 2,92,130,SWASTA,MALANG
SMAN 1 PONOROGO,92,130,NEGERI,PONOROGO
MA DARUL FALAH,84,132,SWASTA,PONOROGO
SMK PENERBANGAN ANTARIKSA,85,132,SWASTA,MADIUN
SMK DARUT TAQWA PURWOSARI,89,133,SWASTA,PASURUAN
SMAN 1 Karangjati,91,133,NEGERI,NGAWI
SMK MUHAMMADIYAH 1,90,136,SWASTA,MALANG
MAS MIFTAHUL `ULUM,92,136,SWASTA,MAGETAN
SMFK BINA FARMA,94,136,SWASTA,MADIUN
SMK 1 SORE,87,137,SWASTA,PROBOLINGGO
SMK DARUL FALAH,81,138,SWASTA,JEMBER
SMA MUHAMMADIYAH 4 BALONG,83,138,SWASTA,PONOROGO
SMK INDUSTRI,84,139,SWASTA,MADIUN
SMAN 1 SUKOMORO,92,140,NEGERI,MAGETAN
SMKN 1 BAURENO,94,142,NEGERI,BOJONEGORO
SMAN 1 PULUNG,92,143,NEGERI,PONOROGO
MAN DOLOPO,91,144,NEGERI,MADIUN
SMK PGRI PANDAAN,92,145,SWASTA,PASURUAN
SMK DHARMA BAHARI,89,146,SWASTA,SURABAYA
SMKN 1 TAMANAN,91,146,NEGERI,BONDOWOSO
SMK Negeri 02 Turen,92,147,NEGERI,MALANG
SMKN 2 BOJONEGORO,92,148,SWASTA,BOJONEGORO
SMK INDO BARUNA SURABAYA,89,149,SWASTA,SURABAYA
SMKN CERMEE,89,149,NEGERI,BONDOWOSO
SMK MATSARATUL HUDA,88,150,SWASTA,PAMEKASAN
SMK 3 PANCASILA AMBULU,93,151,SWASTA,JEMBER
SMA PANCA BHAKTI MAGETAN,86,155,SWASTA,MAGETAN
SMK NU SUNAN GIRI KEPANJEN,88,156,SWASTA,MALANG
SMK BRANTAS GEMPOL,84,159,SWASTA,PASURUAN
SMK MUHAMMADIYAH 2,86,161,SWASTA,PONOROGO
SMK BERDIKARI JEMBER,86,161,SWASTA,JEMBER
SMK KECIL DARUL FIKRI,90,161,SWASTA,PONOROGO
SMKN 1 SURABAYA,95,161,NEGERI,SURABAYA
SMA BAKTI,91,162,SWASTA,PONOROGO
SMKN WONOREJO,94,163,NEGERI,PASURUAN
SMK (STM) MUHAMMADIYAH 1 GRESIK,92,166,SWASTA,GRESIK
SMKN 3 MALANG,96,166,NEGERI,MALANG
SMKN 3,93,170,NEGERI,PROBOLINGGO
SMK AL AZHAR SEMPU,90,171,SWASTA,BANYUWANGI
SMK PGRI 2,94,174,SWASTA,PONOROGO
SMK Muhammadiyah 1 Prambon,85,175,SWASTA,NGANJUK
SMKN 1 SUGIHWARAS,91,175,NEGERI,BOJONEGORO
SMK Muhammadiyah 1 Nganjuk,93,175,SWASTA,NGANJUK
SMK (SMEA) WIJAYA KUSUMA DAGANGAN,86,176,SWASTA,MADIUN
MAN MEJAYAN,93,176,NEGERI,MADIUN
SMK MAMBA' UNNUR 02 PONCOKUSUMO,84,177,SWASTA,MALANG
SMKN PRAJEKAN.,92,177,NEGERI,BONDOWOSO
SMK MINHAJUT THULAB MUNCAR,84,178,SWASTA,BANYUWANGI
SMK PGRI 1 PACITAN,88,178,SWASTA,PACITAN
SMK KUSUMA TERATE MADIUN,88,179,SWASTA,MADIUN
SMK (STM) Siang Surabaya,89,180,SWASTA,SURABAYA
SMK JAYA NEGARA LAWANG,94,180,SWASTA,MALANG
SMK AN-NUR,86,182,SWASTA,SAMPANG
SMK AL BASTHI,83,183,SWASTA,PAMEKASAN
SMAN 1 MEJAYAN,92,183,NEGERI,MADIUN
SMK DHARMA WIRAWAN,88,184,SWASTA,PASURUAN
MAS HIDAYATUL MUBTADIIN,89,184,SWASTA,MAGETAN
SMKN 2 JIWAN,94,184,NEGERI,MADIUN
SMK Kosgoro Nganjuk,92,186,SWASTA,NGANJUK
SMKN 1 SAMPANG,90,193,NEGERI,SAMPANG
SMK Muhammadiyah 2 Kertosono,91,193,SWASTA,NGANJUK
SMKN 1 PAMEKASAN,92,193,NEGERI,PAMEKASAN
SMK KARYA BHAKTI TIRTOYUDO,82,196,SWASTA,MALANG
SMK AL-AZHAR,89,196,SWASTA,GRESIK
SMAN 6 MADIUN,91,199,NEGERI,MADIUN
SMK TARUNA,89,200,SWASTA,BOJONEGORO
SMK N DONOROJO,92,201,NEGERI,PACITAN
SMKK NURUL DHOLAM BLEBER,81,202,SWASTA,PACITAN
SMK 2 SIANG,82,202,SWASTA,PROBOLINGGO
SMK DARUL MUKHLASIN,92,205,SWASTA,PROBOLINGGO
SMA KP Jogorogo,82,206,SWASTA,NGAWI
MAN 1 MADIUN,91,206,NEGERI,MADIUN
SMKN 8 MALANG,93,206,NEGERI,MALANG
SMK DARUT TAUHID BANGIL,88,208,SWASTA,PASURUAN
SMK GAMALIEL 1 MADIUN,91,208,SWASTA,MADIUN
SMAN 1 SAMPUNG,92,208,NEGERI,PONOROGO
SMALB B,85,209,SWASTA,NGAWI
SMK BAKTI,92,209,SWASTA,PONOROGO
SMK KARTIKA IV-I,92,209,SWASTA,MALANG
SMK Grafika PGRI Pakis,83,213,SWASTA,MALANG
SMK AL-MAWADDAH,89,217,SWASTA,PONOROGO
SMK PGRI 13 SURABAYA,92,217,SWASTA,SURABAYA
SMK PGRI 1 PASURUAN.,93,217,SWASTA,PASURUAN
SMKN 4 MALANG,96,217,NEGERI,MALANG
SMK MUHAMMADIYAH 2 KUTOREJO,83,221,SWASTA,MOJOKERTO 
SMKN 1 SINE,89,224,NEGERI,NGAWI
SMAN 1 GEGER,91,224,NEGERI,MADIUN
SMALB BETHEL,87,226,SWASTA,MADIUN
SMK PEMKAB,92,226,SWASTA,PONOROGO
SMK BHAKTI LUHUR,92,226,SWASTA,MALANG
SMK NU MIFTAHUL HUDA KEPANJEN,88,230,SWASTA,MALANG
SMKN 10 MALANG,94,230,NEGERI,MALANG
SMK BABUSSALAM PAGELARAN,88,231,SWASTA,MALANG
SMKN 1 Badegan,93,231,NEGERI,PONOROGO
SMK DIRGAHAYU KEDUNGADEM,92,233,SWASTA,BOJONEGORO
SMK PGRI 6 NGAWI,92,234,SWASTA,NGAWI
SMK AL - BADRI,90,235,SWASTA,JEMBER
SMK KI HAJAR DEWANTARA,90,238,SWASTA,PONOROGO
SMK BAITUL HIKMAH,92,238,SWASTA,JEMBER
SMK AL-FALAH,88,241,SWASTA,PAMEKASAN
SMK PGRI SOOKO MOJOKERTO,91,241,SWASTA,MOJOKERTO
SMK NEGERI 1 ROBATAL,84,243,NEGERI,SAMPANG
SMK Islamiyah Widodaren,84,244,SWASTA,NGAWI
SMK NADHLATUL ULAMA BULULAWANG,83,245,SWASTA,MALANG
SMK Al Asyariyah Prambon,85,245,SWASTA,NGANJUK
SMAN 1 KEDUNGGALAR,91,245,NEGERI,NGAWI
SMK N 2 PACITAN,92,245,NEGERI,PACITAN
SMKN 1 BRINGIN,94,245,NEGERI,NGAWI
SMK 3 RAUDLATUL MALIKIYAH,87,247,SWASTA,PROBOLINGGO
SMK GEMA 45 SURABAYA,90,249,SWASTA,SURABAYA
SMKN 2 BONDOWOSO.,93,249,NEGERI,BONDOWOSO
SMK PGRI 2 MADIUN,83,250,SWASTA,MADIUN
Sman 1 Kendal,93,252,NEGERI,NGAWI
SMK NU GONDANGLEGI,89,254,SWASTA,MALANG
SMK MUHAMMADIYAH 1 SOMOROTO,84,258,SWASTA,PONOROGO
SMKN 2 Magetan,92,258,NEGERI,MAGETAN
SMK KAL - 1 SURABAYA,92,258,SWASTA,SURABAYA
SMKN 1 LENGKONG,92,258,NEGERI,NGANJUK
SMKN 1 SAWOO,94,258,NEGERI,PONOROGO
SMK NEGERI 1 JETIS,92,259,NEGERI,MOJOKERTO
SMK BERDIKARI - 1 SURABAYA,83,264,SWASTA,SURABAYA
SMK PERSATUAN MAOSPATI,84,267,SWASTA,MAGETAN
SMK GAMALIEL 2 MADIUN,90,267,SWASTA,MADIUN
SMK (SMEA) PSM 2 KAWEDANAN,90,269,SWASTA,MAGETAN
SMK DEWANTORO PURWOSARI,89,271,SWASTA,PASURUAN
SMKN 6 MALANG,94,271,NEGERI,MALANG
SMAN 1 BUNGKAL,89,273,NEGERI,PONOROGO
MAN 2 MADIUN,92,273,NEGERI,MADIUN
SMKN 1 Kendal,87,274,NEGERI,NGAWI
SMK PGRI 2,92,274,SWASTA,MALANG
SMAN 1 JETIS,98,275,NEGERI,PONOROGO
SMK AL KHOZINI GONDANGLEGI,86,276,SWASTA,MALANG
SMK PGRI 3 SURABAYA,81,280,SWASTA,SURABAYA
SMK AKHMAD YANI,89,280,SWASTA,MOJOKERTO
SMK BRAWIJAYA,87,282,SWASTA,PONOROGO
SMK Al-Karomah,88,282,SWASTA,PAMEKASAN
SMALB PUTRA IDHATA DOLOPO,88,282,SWASTA,MADIUN
SMA MERDEKA,81,283,SWASTA,PONOROGO
SMK NEGERI 1 DLANGGU,92,283,NEGERI,MOJOKERTO 
SMK RADEN PATAH,91,284,SWASTA,MOJOKERTO
SMK MASKUMAMBANG 1 DUKUN,88,285,SWASTA,GRESIK
SMK ISLAM KEPANJEN,88,291,SWASTA,MALANG
SMKN 1 PUNGGING,93,294,NEGERI,MOJOKERTO
SMK WAHID HASYIM BANGIL,85,299,SWASTA,PASURUAN
SMKN 1 ATAP SATU KARANGANYAR,93,299,NEGERI,NGAWI
SMK MUHAMMADIYAH 3 NGORO,83,302,SWASTA,MOJOKERTO 
SMK PRAPANCA SURABAYA,88,302,SWASTA,SURABAYA
SMAN 1 MLARAK,92,303,NEGERI,PONOROGO
SMK COKROAMINOTO 1,86,304,SWASTA,MADIUN
SMK PGRI DONOROJO,89,305,SWASTA,PACITAN
SMK PEMBANGUNAN,84,306,SWASTA,SURABAYA
SMK DARUSSALAM,83,308,SWASTA,SAMPANG
SMK PSM 1 Kedunggalar,85,310,SWASTA,NGAWI
SMK SEMEN GRESIK,93,310,SWASTA,GRESIK
SMK (SMEA) MAOSPATI,86,311,SWASTA,MAGETAN
SMK PGRI 1 BANYUWANGI,92,311,SWASTA,BANYUWANGI
SMKN 1 TUREN,93,313,NEGERI,MALANG
SMK N TERPADU NAWANGAN,92,316,NEGERI,PACITAN
SMK NEGERI 1 KEMLAGI,93,326,NEGERI,MOJOKERTO 
SMKN 1 MALANG,94,326,NEGERI,MALANG
SMK AL-IKHLAS,91,330,SWASTA,PAMEKASAN
SMKN 1,93,330,NEGERI,PROBOLINGGO
SMK NASIONAL DAWARBI,88,331,SWASTA,MOJOKERTO
SMKN 1 GONDANG,92,334,NEGERI,NGANJUK
SMAN 1 KARAS,91,337,NEGERI,MAGETAN
SMK RIYADLUL QUR'AN NGAJUM,84,342,SWASTA,MALANG
SMAN 1 JOGOROGO,92,342,NEGERI,NGAWI
SMAN 1 MAOSPATI,93,347,NEGERI,MAGETAN
MAS MURO`ATUDDIN,86,348,SWASTA,MAGETAN
SMK YP 17-1,85,349,SWASTA,MALANG
SMK Budi Mulya Pakisaji,88,349,SWASTA,MALANG
SMK (STM) YKP 1 MAGETAN,90,349,SWASTA,MAGETAN
SMKN 1 BAGOR,92,349,NEGERI,NGANJUK
SMK PGRI 8 NGAWI,81,353,SWASTA,NGAWI
SMK NASIONAL,92,357,SWASTA,MALANG
SMK KARTIKA 1 SURABAYA,92,359,SWASTA,SURABAYA
SMA KATOLIK SANTO THOMAS NGAWI,92,360,SWASTA,NGAWI
SMK BINA CENDIKA,91,361,SWASTA,MALANG
SMKN 2 SINGOSARI,93,364,NEGERI,MALANG
SMKN 1 NGANJUK ,92,366,NEGERI,NGANJUK
SMK Darul Ulum,88,374,SWASTA,PAMEKASAN
SMK PSM 1 TAKERAN,86,375,SWASTA,MAGETAN
SMK PGRI 1 Kertosono,88,377,SWASTA,NGANJUK
SMK PGRI 6,92,378,SWASTA,MALANG
SMK NEGERI 2 PONOROGO,93,380,NEGERI,PONOROGO
SMK WALISONGO BULULAWANG,85,381,SWASTA,MALANG
SMK (STM) N TEMAYANG,93,385,NEGERI,BOJONEGORO
SMK PENERBANGAN,91,386,SWASTA,MAGETAN
SMK WACHID HASYIM SURABAYA,92,386,SWASTA,SURABAYA
SMK PGRI NGADIROJO ,89,388,SWASTA,PACITAN
SMK AL MUJTAMA',90,390,SWASTA,PAMEKASAN
SMKN 1 NGASEM,92,393,NEGERI,BOJONEGORO
SMKN 2 KRAKSAAN,92,397,NEGERI,PROBOLINGGO
SMK AS SYAFIIYAH PAKISAJI,81,405,SWASTA,MALANG
SMKN 2,91,405,NEGERI,PROBOLINGGO
SMK Kecil PP Al Inabah,92,405,SWASTA,PONOROGO
SMAN 1 JENANGAN,92,411,NEGERI,PONOROGO
SMK MUHAMMADIYAH 5 SRONO,83,412,SWASTA,BANYUWANGI
SMK ROUDLOTUN NASYIIN,89,414,SWASTA,MOJOKERTO
SMK PGRI 6 SURABAYA,90,414,SWASTA,SURABAYA
SMAN 1 SARADAN,91,415,NEGERI,MADIUN
SMAN 1 WIDODAREN,91,415,NEGERI,NGAWI
SMKN 2 PAMEKASAN,93,417,NEGERI,PAMEKASAN
SMALB PUTRA BANGSA,82,418,SWASTA,MADIUN
MAS TRI BHAKTI,83,420,NEGERI,MADIUN
SMK PGRI 3 MADIUN,92,420,SWASTA,MADIUN
SMK MGR. SOEGIJAPRANATA.,84,424,SWASTA,PASURUAN
SMK DHARMA BHAKTI SURABAYA,83,425,SWASTA,SURABAYA
SMK Miftahul Ulum,82,426,SWASTA,BONDOWOSO
SMK Mambaul Ulum,83,426,SWASTA,BONDOWOSO
SMK AL-HIKAM ,81,431,SWASTA,PAMEKASAN
SMK Nurul Falah,81,433,SWASTA,BONDOWOSO
SMK DR. SOETOMO SURABAYA,89,433,SWASTA,SURABAYA
SMK PEMBANGUNAN 1,92,433,SWASTA,PONOROGO
SMK AL - IMAM,81,435,SWASTA,JEMBER
SMK AL IKHLASH,85,443,SWASTA,GRESIK
SMK ISLAM DONOMULYO,93,443,SWASTA,MALANG
MA SingoWalisongo,84,445,SWASTA,MAGETAN
SMK PGRI ROGOJAMPI,91,447,SWASTA,BANYUWANGI
SMKN WRINGIN,92,448,NEGERI,BONDOWOSO
SMK MERDEKA LAWANG,88,449,SWASTA,MALANG
"SMK ""KIMIA INDUSTRI"" FATHUL MUNA",82,451,SWASTA,PONOROGO
SMK MUHAMMADIYAH 6 DONOMULYO,91,453,SWASTA,MALANG
SMK KITA BAKTI,86,456,SWASTA,MOJOKERTO
SMK AL MUNAWWARIYAH,83,457,SWASTA,MALANG
SMA PEMBERDAYAAN BANGSA,81,460,SWASTA,PONOROGO
SMA Darul Ulum,84,461,SWASTA,MAGETAN
SMK PRADANA GIRI,82,463,SWASTA,BANYUWANGI
SMKN 1 SLAHUNG,93,463,NEGERI,PONOROGO
SMKN 1 PARON,91,471,NEGERI,NGAWI
SMK PGRI 9 NGAWI,82,473,SWASTA,NGAWI
SMK IKIP SURABAYA,84,474,SWASTA,SURABAYA
SMK PUTRA INDONESIA,92,474,SWASTA,MALANG
SMKN SUKOREJO,94,474,NEGERI,PASURUAN
SMKN 1 Poncol,92,482,NEGERI,MAGETAN
SMK RADEN RAHMAD,92,483,SWASTA,MOJOKERTO
SMKN 1 SITUBONDO,92,485,NEGERI,SITUBONDO
SMK PAWIYATAN SURABAYA,87,487,SWASTA,SURABAYA
SMAN 3 MAGETAN,92,488,NEGERI,MAGETAN
SMA KP PARON,82,492,SWASTA,NGAWI
SMK KARTIKA V-1 LAWANG,90,494,SWASTA,MALANG
SMA MUHAMMADIYAH 1,92,494,SWASTA,PONOROGO
SMK MA'ARIF PANDAAN,92,498,SWASTA,PASURUAN
SMK MUHAMMADIYAH 4 GLENMORE,91,499,SWASTA,BANYUWANGI
SMK (SMEA) N 1 SUBOH,91,499,NEGERI,SITUBONDO
SMKN PRIGEN,92,499,NEGERI,PASURUAN
SMK PGRI 2 PASURUAN,92,500,SWASTA,PASURUAN
SMAN 4 MADIUN,92,500,NEGERI,MADIUN
SMKN SEKAR,88,502,NEGERI,BOJONEGORO
SMK MA'ARIF NU,82,504,SWASTA,GRESIK
SMKN 1 KEPANJEN,92,505,NEGERI,MALANG
SMA PGRI 1 MAOSPATI,91,508,SWASTA,MAGETAN
SMAN 2 MAGETAN,91,513,NEGERI,MAGETAN
SMK PGRI 1 GIRI,92,514,SWASTA,BANYUWANGI
SMK CENDIKA BANGSA KEPANJEN,88,516,SWASTA,MALANG
SMK 17 AGUSTUS 1945 SURABAYA,93,518,SWASTA,SURABAYA
SMK (SMEA) 1 IBRAHIMY SUKOREJO,92,520,SWASTA,SITUBONDO
SMK KOSGORO 4 KARANGPLOSO,87,522,SWASTA,MALANG
SMK BHAKTI SAMUDERA,93,524,SWASTA,SURABAYA
SMK A YANI BANGIL,90,530,SWASTA,PASURUAN
SMKN 1 KASIMAN,93,532,NEGERI,BOJONEGORO
SMK Al Basthomi loceret,92,536,SWASTA,NGANJUK
SMKN Tambelangan,85,542,NEGERI,SAMPANG
SMK (STM) SUNAN AMPEL,87,548,SWASTA,GRESIK
SMK PGRI 3 BOJONEGORO,91,550,SWASTA,BOJONEGORO
SMK PROF. SURJONO,85,551,SWASTA,MALANG
SMK (SMEA) YPI DARUSSALAM 2 CERME,92,553,SWASTA,GRESIK
SMK ISLAM AN NUURU,85,554,SWASTA,MALANG
SMKN REMBANG,92,554,NEGERI,PASURUAN
SMK PGRI SINGOSARI,90,558,SWASTA,MALANG
SMK KOSGORO 2 NGANTANG,91,567,SWASTA,MALANG
SMK KHAIRUDIN GONDANGLEGI,84,573,SWASTA,MALANG
SMK PEMBANGUNAN KIKIL,89,574,SWASTA,PACITAN
SMK DARUL HIKMAH,86,583,SWASTA,JEMBER
SMK TAMANSISWA 2 MADIUN,87,584,SWASTA,MADIUN
SMK DARUL ISTIQOMAH,92,584,SWASTA,PONOROGO
SMK MAHARDIKA KARANGPLOSO,91,586,SWASTA,MALANG
SMK TELKOM SANDHY PUTRA,96,586,SWASTA,MALANG
SMK TEKSTIL PANDAAN,94,587,SWASTA,PASURUAN
SMK DHARMA WANITA,89,592,SWASTA,MALANG
SMK NASIONAL MOJOSARI,84,594,SWASTA,MOJOKERTO
SMA Ma'arif Ngawi,81,595,SWASTA,NGAWI
SMK (SMEA) N 1 PANJI,93,596,NEGERI,SITUBONDO
SMK 10 NOPEMBER BULULAWANG,83,597,SWASTA,MALANG
SMK SHALAHUDDIN,91,597,SWASTA,MALANG
SMK YASMU,93,597,SWASTA,GRESIK
SMK BUDI UTOMO KEPANJEN,92,600,SWASTA,MALANG
SMK PGRI 2 BOJONEGORO,93,601,SWASTA,BOJONEGORO
SMK N 1 PACITAN,91,606,NEGERI,PACITAN
SMK ST. BONAVENTURA 2 MADIUN,82,608,SWASTA,MADIUN
SMK Muhammadiyah 1 Ngawi,83,623,SWASTA,NGAWI
SMK PGRI TUREN,87,627,SWASTA,MALANG
MA AL KAROMAH,83,633,NEGERI,NGAWI
SMAN 2 NGAWI,92,633,NEGERI,NGAWI
SMK Nurul Huda ,91,637,SWASTA,SITUBONDO
SMK DR. Sutomo Nganjuk,82,640,SWASTA,NGANJUK
SMKN 1 SINGOSARI,92,641,NEGERI,MALANG
SMK BINA BANGSA DAMPIT,92,648,SWASTA,MALANG
SMKN 1 BENDO,92,650,NEGERI,MAGETAN
SMK N EGERI 1 SOOKO,92,661,NEGERI,MOJOKERTO 
SMK (STM) IBRAHIMY PANJI,85,663,SWASTA,SITUBONDO
SMK 2 MUHAMMADIYAH,82,665,SWASTA,PROBOLINGGO
SMAN 1 BABADAN,92,668,NEGERI,PONOROGO
SMKN 8 SURABAYA,92,671,NEGERI,SURABAYA
SMK PGRI II GRESIK,82,672,SWASTA,GRESIK
SMK WIDYA KARTIKA KARANGPLOSO,88,673,SWASTA,MALANG
SMK TRISAKTI BEJI,89,675,SWASTA,PASURUAN
SMK BRANTAS KARANGKATES,93,679,SWASTA,MALANG
SMK GAJAH MADA,90,684,SWASTA,MOJOKERTO 
SMKN 1 NGRAHO,90,687,NEGERI,BOJONEGORO
SMK PGRI PESANGGARAN,85,692,SWASTA,BANYUWANGI
SMK KAWUNG 1 SURABAYA,84,693,SWASTA,SURABAYA
SMK WIJAYA SURABAYA,83,694,SWASTA,SURABAYA
SMK PGRI 2 GIRI,87,698,SWASTA,BANYUWANGI
SMK KUSUMA BANGSA,82,706,SWASTA,MOJOKERTO
SMA KARYA PEMBANGUNAN NGAWI,81,714,SWASTA,NGAWI
SMAN 1 DAGANGAN,92,714,NEGERI,MADIUN
SMK Nazhatut Thullab,88,718,SWASTA,SAMPANG
SMKN 3 PAMEKASAN,93,718,NEGERI,AKU SAYANG KM
SMK DARUSSALAM BLOKAGUNG,93,719,SWASTA,BANYUWANGI
SMK PGRI KASEMBON,86,720,SWASTA,MALANG
SMK Dharma Siswa Kraksaan,81,723,SWASTA,PROBOLINGGO
SMK ANTARTIKA SURABAYA,90,726,SWASTA,SURABAYA
SMK KOSGORO 1 LAWANG,92,727,SWASTA,MALANG
SMK SRIWEDARI,82,733,SWASTA,MALANG
SMK N 1 TROWULAN,92,735,NEGERI,MOJOKERTO 
SMK (STM) KARYA BHAKTI KEBOMAS,82,737,SWASTA,GRESIK
SMK ABI SURABAYA,82,738,SWASTA,SURABAYA
SMKN 3 BOJONEGORO,91,738,NEGERI,BOJONEGORO
MA AL HIDAYAH,90,739,SWASTA,NGAWI
SMK PGRI DAMPIT,90,741,SWASTA,MALANG
SMK PGRI 1 BOJONEGORO,87,742,SWASTA,BOJONEGORO
SMKN 1 BOJONEGORO,93,743,NEGERI,BOJONEGORO
SMK ANGKASA MOJOSARI,85,744,SWASTA,MOJOKERTO
SMK NASIONAL TEMAYANG,88,747,SWASTA,BOJONEGORO
SMKN 1 PURWOSARI,94,756,NEGERI,PASURUAN
SMK KAWUNG 2 SURABAYA,89,760,SWASTA,SURABAYA
SMK MA`ARIF NU BENJENG,91,761,SWASTA,GRESIK
SMKN 1 DANDER,92,765,NEGERI,BOJONEGORO
SMK MUHAMMADYAH 2 NGAWI,90,767,SWASTA,NGAWI
SMK PURUHITA,85,770,SWASTA,SURABAYA
SMK (STM) YOSONEGORO,92,776,SWASTA,MAGETAN
SMK FAVORIT,87,778,SWASTA,MOJOKERTO 
SMK MUHAMMADIYAH 1,91,794,SWASTA,PONOROGO
SMK HIDAYATUL UMMAH BALONGPANGGANG,84,795,SWASTA,GRESIK
MA Muhammadiyah Tempurrejo,82,801,SWASTA,NGAWI
MA NURUL AZHAR,82,805,NEGERI,NGAWI
MAS AL ISLAMIYAH,92,805,NEGERI,MADIUN
SMK Raudlatul Islam Seneng Krucil,82,807,SWASTA,PROBOLINGGO
SMKN 1 Wonomerto,81,818,NEGERI,PROBOLINGGO
SMK AL ISLAH,92,819,SWASTA,SURABAYA
SMK PUSPA BANGSA CLURING,90,820,SWASTA,BANYUWANGI
SMK (SMEA) KORPRI UTERAN,82,827,SWASTA,MADIUN
SMK N TERPADU NGADIROJO,92,835,NEGERI,PACITAN
SMK Nurul Jadid Paiton,90,841,SWASTA,PROBOLINGGO
SMKN 5 SURABAYA,93,846,NEGERI,SURABAYA
SMK TUNAS BANGSA,84,849,SWASTA,MALANG
SMK FARMASI SEKESAL,93,856,SWASTA,SURABAYA
SMALB PANCA BHAKTI,84,859,SWASTA,MADIUN
SMK PANTI PARMADI SISWI 1 NGRAMBE,89,860,SWASTA,NGAWI
SMK MA'ARIF NU DRIYOREJO,89,861,SWASTA,GRESIK
SMAN 1 SINE,91,882,NEGERI,NGAWI
SMK NU BAHRUL ULUM,89,885,SWASTA,GRESIK
SMK WISNUWARDHANA,83,887,SWASTA,MALANG
SMK Sumber Bunga,83,895,SWASTA,SITUBONDO
SMKN 1 PITU,91,900,NEGERI,NGAWI
SMK 01 DIPONEGORO,93,900,SWASTA,JEMBER
SMK BUSTANUL ULUM,90,901,SWASTA,PAMEKASAN
SMK MUHAMMADIYAH 2 PAGAK,92,901,SWASTA,MALANG
SMK YPM 6 BOJONEGORO,86,905,SWASTA,BOJONEGORO
SMK NEGERI 1 KANOR,92,910,NEGERI,BOJONEGORO
SMK Kecil Nurur Rahma Leces,85,918,SWASTA,PROBOLINGGO
SMK SUNAN AMPEL,85,919,SWASTA,MALANG
SMA MUHAMMADIYAH 1 MADIUN,82,920,SWASTA,MADIUN
SMK (STM) SULTAN AGUNG,85,921,SWASTA,MOJOKERTO
SMK N 3 PACITAN,92,921,NEGERI,PACITAN
SMAN 1 WUNGU,91,929,NEGERI,MADIUN
SMK BUDI UTOMO,82,938,SWASTA,MOJOKERTO 
SMK SENTOSA DHARMA,89,939,SWASTA,BOJONEGORO
SMK N BANDAR,90,939,NEGERI,PACITAN
SMK YAPENAS GEMPOL,90,940,SWASTA,PASURUAN
SMK PLUS AL MAARIF,90,940,SWASTA,MALANG
SMK PETRA YPK JATIM,82,948,SWASTA,MALANG
SMK AL MUNAWAROH,88,949,SWASTA,JEMBER
SMK Terpadu Al-Ishlahiyah,90,952,SWASTA,MALANG
SMK WAHID HASYIM,90,952,SWASTA,BOJONEGORO
SMKN PUSPO,91,959,NEGERI,PASURUAN
SMK (STM) BHAKTI KITA DRIYOREJO,83,968,SWASTA,GRESIK
SMK 2 AHMAD YANI,92,973,SWASTA,PROBOLINGGO
SMK YP 17-2 MADIUN,82,978,SWASTA,MADIUN
SMAN 1 BARAT,91,979,NEGERI,MAGETAN
SMK ROUDLOTUL HIKMAH,87,981,SWASTA,GRESIK
SMK (SMEA) BHAKTI CARUBAN,87,983,SWASTA,MADIUN
SMK Negeri Grujugan,88,985,NEGERI,BONDOWOSO
SMAN 1 KAUMAN,92,987,NEGERI,PONOROGO
SMK SUNAN DRAJAT,83,997,SWASTA,GRESIK
SMK Panti Pamardi Siwi 2 Ngrambe,91,1000,SWASTA,NGAWI
SMK PRAJNAPARAMITA,90,1007,SWASTA,MALANG
SMK BERDIKARI - 2 SURABAYA,82,1017,SWASTA,SURABAYA
SMK Negeri 1 Banyuputih,86,1018,NEGERI,SITUBONDO
SMKN 2 Ngawi,92,1021,NEGERI,NGAWI
SMKN 3 BONDOWOSO,93,1021,NEGERI,BONDOWOSO
SMK WIDYAGAMA,85,1025,SWASTA,MALANG
SMK AL MAJIDI,81,1026,SWASTA,JEMBER
SMKN 5 MALANG,92,1034,NEGERI,MALANG
SMK TAMAN SISWA,91,1047,SWASTA,MOJOKERTO
SMK MAMBA'UL IHSAN,88,1055,SWASTA,GRESIK
SMK WALISONGO 1 GEMPOL,92,1055,SWASTA,PASURUAN
SMK DHARMA WANITA KABUPATEN GRESIK,90,1058,SWASTA,GRESIK
SMA PSM MADIUN,85,1059,SWASTA,MADIUN
SMK TARUNA JAYA GRESIK,91,1060,SWASTA,GRESIK
SMK PGRI 02 GENENG,92,1067,SWASTA,NGAWI
SMK MUHAMMADIYAH 5 KEPANJEN,83,1081,SWASTA,MALANG
SMK MUHAMMADIYAH 1,92,1093,SWASTA,PASURUAN
SMK (SMEA) PANCA BHAKTI MAGETAN,86,1101,SWASTA,MAGETAN
SMK AHMAD YANI JABUNG,89,1108,SWASTA,MALANG
UPT SMAN 4 PASURUAN,92,1116,NEGERI,PASURUAN
SMAN 2 MEJAYAN,92,1128,NEGERI,MADIUN
SMK 1 PANCASILA AMBULU,93,1135,SWASTA,JEMBER
SMK PGRI GRESIK,92,1138,SWASTA,GRESIK
SMK ISLAM KALIPARE,91,1147,SWASTA,MALANG
SMKN 1 BANGIL,93,1176,NEGERI,PASURUAN
SMK NEGERI 1 GENENG,93,1191,NEGERI,NGAWI
SMK MUHAMMADIYAH 6 ROGOJAMPI,92,1196,SWASTA,BANYUWANGI
SMKN 1 SIDAYU,93,1200,NEGERI,GRESIK
MAN PARON,91,1224,NEGERI,NGAWI
SMA KARYA PEMBANGUNAN KWADUNGAN,82,1226,SWASTA,NGAWI
SMKN 1 Sumberasih,92,1230,NEGERI,PROBOLINGGO
SMKN 6 SURABAYA,94,1234,NEGERI,SURABAYA
SMALB PANCARAN KASIH,83,1236,SWASTA,MADIUN
SMK 02 ISLAM 45 AMBULU,93,1236,SWASTA,JEMBER
MAS SABILITH THOHIRIN,83,1244,NEGERI,MADIUN
SMK (STM) N 1 JIWAN,84,1245,SWASTA,MADIUN
SMK ISLAM WALISONGO,86,1257,SWASTA,MOJOKERTO 
SMK MUH. TINATAR,83,1268,SWASTA,PACITAN
SMK MA`ARIF SUDIMORO,83,1270,SWASTA,PACITAN
SMKN TUTUR,93,1270,NEGERI,PASURUAN
SMK ISLAM PENANGGUNGAN,89,1276,SWASTA,MOJOKERTO 
SMK AL ISLAM MOJOSARI,81,1283,SWASTA,MOJOKERTO 
SMK 17 AGUSTUS 1945 TEGALDLIMO,92,1283,SWASTA,BANYUWANGI
SMK PEMUDA,81,1297,SWASTA,MOJOKERTO
SMAN 1 NGAWI,91,1329,NEGERI,NGAWI
SMK (SMEA) SUNAN GIRI,92,1329,SWASTA,GRESIK
SMK WACHID HASYIM,88,1355,SWASTA,PAMEKASAN
MAS WALI SONGO,91,1358,NEGERI,MADIUN
SMK Kecil Al Iman,91,1361,SWASTA,PONOROGO
SMK NUSANTARA BANGOREJO,81,1362,SWASTA,BANYUWANGI
SMK WIYATA DHARMA WALIKUKUN,91,1363,SWASTA,NGAWI
SMK NU GRESIK,92,1364,SWASTA,GRESIK
SMKN 7 SURABAYA,92,1365,NEGERI,SURABAYA
SMK GAJAH MADA BANYUWANGI,92,1375,SWASTA,BANYUWANGI
SMK Negeri 1 Gerih,93,1379,NEGERI,NGAWI
MAN NGAWI,91,1395,NEGERI,NGAWI
MAN NGRAMBE,93,1398,NEGERI,NGAWI
SMK ST. LOUIS SURABAYA,94,1410,SWASTA,SURABAYA
SMK BUBUTAN SURABAYA,86,1411,SWASTA,SURABAYA
MAN PANEKAN,91,1430,NEGERI,MAGETAN
SMK PGRI 7 SURABAYA,83,1452,SWASTA,SURABAYA
SMAN 1 NGRAMBE,92,1453,NEGERI,NGAWI
SMK FARMASI SURABAYA,92,1454,SWASTA,SURABAYA
SMK (STM) PGRI 2 MEJAYAN,88,1456,SWASTA,MADIUN
SMK PGRI 3 Nganjuk,91,1458,SWASTA,NGANJUK
SMK Sunan Bonang Brani Maron,84,1471,SWASTA,PROBOLINGGO
SMK Taruna Bhakti Kertosono,89,1476,SWASTA,NGANJUK
SMK TEKNIK PAL SURABAYA,93,1485,SWASTA,SURABAYA
SMK MUHAMMADIYAH 8 SILIRAGUNG,92,1486,SWASTA,BANYUWANGI
SMK NEGERI 1,91,1488,NEGERI,MOJOKERTO
SMKN 1 NGULING,92,1495,NEGERI,PASURUAN
SMKN 1 KRAKSAAN,84,1502,NEGERI,PROBOLINGGO
SMK (SMEA) KRESTEN PANCASILA 1 KAWEDANAN,83,1505,SWASTA,MAGETAN
SMK (STM) KATOLIK SANTO YUSUF,85,1531,SWASTA,MADIUN
SMKN 1 GEMPOL,92,1542,NEGERI,PASURUAN
SMKN 4 SURABAYA,92,1554,NEGERI,SURABAYA
SMA Muhammadiyah 1 Ngawi,85,1564,SWASTA,NGAWI
SMK (STM) MUHAMMADIYAH 3,90,1577,SWASTA,MADIUN
SMK Ibrahimy 2 Sukorejo,83,1583,SWASTA,SITUBONDO
SMK MIFTAHUL ULUM KEBUN BARU,87,1588,SWASTA,PAMEKASAN
SMK 17 AGUSTUS 1945 GENTENG,93,1602,SWASTA,BANYUWANGI
MAN Tempursari,93,1605,NEGERI,NGAWI
SMK BARUNAWATI SURABAYA,92,1610,SWASTA,SURABAYA
SMK MUHAMMADIYAH 2 GENTENG,93,1618,SWASTA,BANYUWANGI
SMKN 1 KERTOSONO,88,1640,NEGERI,NGANJUK
SMKN 2 SURABAYA,92,1685,NEGERI,SURABAYA
SMK ASSA'ADAH BUNGAH,92,1696,SWASTA,GRESIK
SMK BINA KARYA PACITAN,88,1712,SWASTA,PACITAN
SMK PGRI KROMENGAN,83,1742,SWASTA,MALANG
UPT SMAN 3 PASURUAN,92,1745,NEGERI,PASURUAN
SMK TUREN,93,1749,SWASTA,MALANG
SMK TRI TUNGGAL SURABAYA,81,1759,SWASTA,SURABAYA
SMKN 1 GRATI,93,1778,NEGERI,PASURUAN
SMK ASSALAM BANTUR,92,1796,SWASTA,MALANG
SMKN 1 NGAMBON,93,1818,NEGERI,BOJONEGORO
SMK SRI TANJUNG BANYUWANGI,92,1848,SWASTA,BANYUWANGI
SMK ANWARUL MALIKI SUKOREJO,87,1853,SWASTA,PASURUAN
SMK SEJAHTERA SURABAYA,86,1855,SWASTA,SURABAYA
SMK NEGERI 1 CERME,92,1866,NEGERI,GRESIK
SMKN 2 MADIUN,91,1875,NEGERI,MADIUN
SMKN 1 Kartoharjo,92,1915,NEGERI,MAGETAN
SMK Islam As Siddiqi,87,1919,SWASTA,SITUBONDO
SMK PGRI 3 WALIKUKUN NGAWI,88,1928,SWASTA,NGAWI
SMK PGRI 02 TUREN,82,1933,SWASTA,MALANG
SMK NURUL ISLAM,84,1941,SWASTA,PAMEKASAN
SMK INDUSTRI NGORO,81,1942,SWASTA,MOJOKERTO
SMAN 1 SLAHUNG,91,1964,NEGERI,PONOROGO
SMK (STM) YPI DARUSSALAM 1 CERME,92,1974,SWASTA,GRESIK
SMK TRI GUNA BHAKTI SURABAYA,85,1989,SWASTA,SURABAYA
SMKN 1 MAGETAN,94,1995,NEGERI,MAGETAN
SMK DARUTTAQWA,91,2004,SWASTA,GRESIK
SMK (SMEA) MAGETAN 1,89,2028,SWASTA,MAGETAN
SMK WALISONGO 2 GEMPOL ,92,2061,SWASTA,PASURUAN
SMK AL IRSYAD,92,2082,SWASTA,SURABAYA
SMK PGRI 1,92,2104,SWASTA,PONOROGO
SMK BRAWIJAYA,91,2139,SWASTA,MOJOKERTO
SMK Zaha Genggong Pajarakan,89,2158,SWASTA,PROBOLINGGO
SMK Muhammadiyah 3 Nganjuk,91,2194,SWASTA,NGANJUK
SMK RADEN PATAH,92,2243,SWASTA,MOJOKERTO
SMK Negeri 1 Kasreman,90,2272,NEGERI,NGAWI
SMK TARUNA MANDIRI SRONO,82,2281,SWASTA,BANYUWANGI
SMK YADIKA BANGIL,92,2293,SWASTA,PASURUAN
SMKN 3 SURABAYA,93,2314,NEGERI,SURABAYA
SMK AL-ANWAR,85,2315,SWASTA,PAMEKASAN
SMK TANWIR,88,2408,SWASTA,SURABAYA
UPT SMKN 1 PASURUAN,93,2410,NEGERI,PASURUAN
SMK PGRI,92,2459,SWASTA,MOJOKERTO
SMK UNTUNG SURAPATI,92,2476,SWASTA,PASURUAN
SMK WIJAYA PUTRA 1 SURABAYA,92,2483,SWASTA,SURABAYA
SMK DIPONEGORO,83,2485,SWASTA,PACITAN
UPT SMAN 1 PASURUAN,92,2514,NEGERI,PASURUAN
SMKN PAKONG,87,2629,NEGERI,PAMEKASAN
UPT SMK NEGERI 2,93,2659,NEGERI,PASURUAN
UPT SMAN 2 PASURUAN,93,2772,NEGERI,PASURUAN
